"Id","price"
1,152.292293621443
2,104.824645762329
3,177.523313503037
4,74.0003275127959
5,72.5719383759726
6,339.934190275784
7,133.500082598787
8,97.1910620382333
9,134.078389529601
10,121.357342032521
11,164.958245883832
12,239.564732412708
13,129.344847094957
14,84.057645469027
15,84.8071300124152
16,94.0134594599142
17,216.570751264161
18,217.505799264481
19,400.60033830644
20,143.475543044404
21,193.024457944185
22,67.9712444283447
23,160.864454796214
24,165.518849568911
25,136.684910853493
26,153.07195542877
27,101.259522252688
28,120.409773790852
29,116.094448148238
30,528.639427127246
31,184.143423862553
32,314.365096588408
33,193.245575500041
34,130.591561839897
35,180.954224297903
36,142.344209989326
37,147.049447748048
38,127.977725812808
39,66.187178305629
40,168.697724569907
41,115.378723680386
42,142.365524337645
43,126.376474702044
44,119.674521141692
45,215.264327457747
46,131.419702041103
47,142.870056332945
48,153.850546684299
49,178.04789948192
50,100.653683936211
51,98.491721211615
52,123.266737511254
53,155.529054759414
54,147.367498768132
55,65.8894139708046
56,120.102303217814
57,138.182269671816
58,171.911171984147
59,186.579428855697
60,226.358083797452
61,230.506597317537
62,75.8038317269311
63,163.121884764268
64,157.53821505706
65,119.886820792567
66,125.719595345151
67,472.508747105611
68,113.976733902298
69,722.991099536049
70,150.459838340295
71,122.015571765598
72,111.118535076928
73,268.282630335573
74,99.7431309066544
75,166.384392321682
76,61.2508567210146
77,49.1743268586644
78,207.288530632078
79,151.860897585022
80,37.2329875112734
81,127.388126556272
82,102.58874663299
83,56.1970031094515
84,131.243040672383
85,49.1042317348536
86,56.9875244495344
87,51.0998288047354
88,137.164471146376
89,70.262737709156
90,132.819918821288
91,169.102588251569
92,50.78621405435
93,101.780105255156
94,124.305526953516
95,134.156539104242
96,227.103635192028
97,67.1314822590413
98,471.095693816409
99,82.9822546282306
100,33.2246504462961
101,117.227028896106
102,250.327944273199
103,168.028897084859
104,246.370948695264
105,141.860744700283
106,105.718203012497
107,369.874816878902
108,437.219672941377
109,911.035940214559
110,120.184971170176
111,812.485475486439
112,140.410805198045
113,136.477221122131
114,124.177443692275
115,104.782017836079
116,169.655998727556
117,77.698736274082
118,169.075819750473
119,52.2044391242438
120,167.223041444821
121,93.432394476011
122,217.243766095654
123,134.043933769727
124,82.4757798781742
125,244.724487649084
126,33.7155648166177
127,32.6551768449586
128,255.048407764112
129,55.6215071824384
130,174.629370287428
131,90.1441456532464
132,355.093018755267
133,106.289833747329
134,63.0942698806752
135,77.7680500079183
136,258.237754986564
137,113.845449628044
138,110.517931517184
139,128.607640623539
140,826.39192711295
141,165.692892893668
142,143.549175902397
143,131.810187607243
144,42.520838693176
145,134.084463355204
146,280.166770969359
147,100.256969756379
148,215.991053548108
149,176.369158258616
150,78.6591708188526
151,117.664295566052
152,61.9930194723481
153,119.294784936495
154,392.546990077783
155,228.190332593121
156,112.690877822764
157,284.410947043891
158,921.732309530149
159,248.972529589226
160,57.6986328165493
161,256.51247906638
162,510.613218388925
163,370.993987347457
164,58.2957868081427
165,215.974678351809
166,219.030750127374
167,157.988752195666
168,83.8581948990899
169,779.673673934387
170,93.433196416127
171,142.451560837608
172,196.850202594203
173,99.9394664049733
174,55.207186755168
175,49.1890075892235
176,168.77053969595
177,148.477572784031
178,202.468256174015
179,84.4467355372666
180,184.69840486164
181,767.840009422106
182,150.786272246067
183,159.306627826316
184,419.019165660346
185,255.310504407602
186,79.5710879562917
187,333.559933334006
188,125.98616557277
189,152.901326063035
190,143.207745384206
191,107.983219658729
192,127.502132144192
193,125.782616246556
194,131.60582580236
195,156.248453584762
196,273.155736303813
197,95.1077819749661
198,105.306548938226
199,210.94115098714
200,122.201603518211
201,813.495340169628
202,119.395967905858
203,145.034358947268
204,427.173366516643
205,183.312635280849
206,286.156391982957
207,139.726343654799
208,343.602889295896
209,427.861788981058
210,144.638901665242
211,127.466691979744
212,136.508201485167
213,333.490275056921
214,275.811087959507
215,267.018754430803
216,210.519118502082
217,214.517336972848
218,535.508091313762
219,914.998149479481
220,444.182393952535
221,169.357988795505
222,276.686140416174
223,470.967668734453
224,110.226784509014
225,248.35311149135
226,93.5536992478269
227,681.839694766349
228,272.902515930548
229,246.517135704841
230,1426.44810534692
231,98.8654676728465
232,310.039016933378
233,99.6421144781382
234,391.310738586252
235,215.268228042233
236,128.290124931184
237,106.405605908999
238,112.115878580114
239,166.722955319027
240,460.011429145997
241,85.9713672015558
242,857.329501036827
243,185.570334406494
244,83.1777576920057
245,159.843375281762
246,207.953423443902
247,51.0937010484432
248,175.194184629775
249,97.500112777797
250,651.330541565601
251,597.288511046029
252,171.768924637825
253,150.309106235857
254,280.116410585639
255,93.8799188137607
256,91.6110938085243
257,127.412365475533
258,431.071790252563
259,306.950201394047
260,714.369719249465
261,396.47711897602
262,130.484810885681
263,475.355741725187
264,152.466314576363
265,44.374829063862
266,311.068641298187
267,185.959819166496
268,213.755100765843
269,188.244376457815
270,213.508479392503
271,245.190889586167
272,489.511294648895
273,217.014746038981
274,244.347973532518
275,255.087206396878
276,127.367718411386
277,117.374525171189
278,175.876939993535
279,346.564584037097
280,227.618602563479
281,172.919854185843
282,127.224164263019
283,598.773070437909
284,155.232467293393
285,144.092939926071
286,71.0052264733879
287,492.060992050659
288,125.266190624943
289,110.445072748763
290,67.5160688975568
291,260.515438583683
292,215.193308122688
293,123.782593036366
294,310.45842143288
295,196.635930514928
296,427.894433490261
297,184.431126621628
298,187.93620704621
299,182.651348446636
300,154.456751435061
301,85.7491785186289
302,210.828727397227
303,168.008146658991
304,470.376734103323
305,122.505510603181
306,182.923286926056
307,57.0784932367919
308,197.46240467477
309,115.523839312422
310,146.43760676396
311,106.977790784125
312,177.352910818622
313,173.084511936603
314,104.641363849743
315,124.686110751492
316,205.099043983315
317,191.649770400461
318,304.640218769241
319,114.492248939858
320,243.108156204422
321,85.8476533857468
322,131.471223422949
323,241.864826427413
324,431.993849230437
325,426.562523580846
326,122.740681893552
327,78.8094196104651
328,208.420395227979
329,78.4622027999109
330,81.6302759549357
331,96.1775043659107
332,302.920663872902
333,163.733153745503
334,294.587045994162
335,514.838659486881
336,99.3986229443203
337,266.854301885889
338,151.016817507327
339,104.360074651826
340,626.417887432317
341,210.065774260993
342,136.014915056431
343,133.272699827719
344,69.1740746211473
345,235.962777104158
346,139.369481087759
347,150.589178105428
348,167.398956551978
349,296.033352697091
350,326.617184489791
351,205.868301734535
352,253.211590140062
353,379.267936697857
354,172.389332162155
355,197.184083380431
356,146.669685581914
357,78.6883946786665
358,298.48594292806
359,102.769903460976
360,152.230652887235
361,128.533152447469
362,220.970947752129
363,741.400888146449
364,307.653412571954
365,194.530575584838
366,147.533852118339
367,113.634853123062
368,250.657490871682
369,148.093345634778
370,289.123078383635
371,183.462080326865
372,179.778620479266
373,89.812704466512
374,627.802692430978
375,178.511375680433
376,363.448811502526
377,112.687868691856
378,442.789016215962
379,106.174187548886
380,201.137344340483
381,120.703584101748
382,140.738587807243
383,113.685636112295
384,211.676697857716
385,136.741169699821
386,216.990222500049
387,82.9703452071527
388,69.1944952068038
389,168.051092461486
390,212.936267746305
391,166.993871672797
392,192.525779528907
393,126.404559447792
394,138.896318015535
395,75.8164116077788
396,229.939370166032
397,167.688961482181
398,152.522450546483
399,166.951036828258
400,499.667325395909
401,114.337688108532
402,118.383076971459
403,127.381627179106
404,114.373240973694
405,177.020952405176
406,161.670424280383
407,233.403297758983
408,238.103819451296
409,252.705468678522
410,430.488009826276
411,118.029836332464
412,151.572606095343
413,122.799281722966
414,236.038399850673
415,227.424729543004
416,143.644352358293
417,163.196339676304
418,171.885188305805
419,143.698062449546
420,122.900682721632
421,284.029981045808
422,110.827549773692
423,430.438747202141
424,257.342991877172
425,216.445831837477
426,80.5391115128511
427,174.179295268943
428,182.999973437371
429,80.3843768468518
430,205.879983779033
431,110.766317377211
432,78.9628169268884
433,180.886933967924
434,128.028142006791
435,90.391126020576
436,431.991171359385
437,180.179316975223
438,94.6763424538635
439,275.8730394115
440,199.572176272061
441,124.880799253778
442,240.931649871979
443,75.1620790131198
444,155.361316597823
445,158.879224849375
446,154.81215616453
447,443.173665955911
448,128.057082301964
449,52.5940425474442
450,158.941662957863
451,108.483730050252
452,109.175891191188
453,78.4937114549887
454,180.424258550433
455,430.859302857224
456,137.0701240258
457,281.045725349881
458,122.038439260671
459,126.387563212306
460,157.058329209714
461,698.051994409181
462,166.789032660675
463,134.527057057899
464,108.204803975972
465,123.44837816953
466,216.556190827242
467,107.623490283812
468,132.486633611293
469,277.559998553286
470,163.684442784464
471,125.778117990096
472,87.4325495507725
473,207.197022335157
474,216.10210806823
475,159.376073432629
476,444.872134814474
477,338.79642094445
478,122.30910114126
479,72.9512627058409
480,543.614147738199
481,170.646485108873
482,128.850655219175
483,107.449967233905
484,199.995149490911
485,77.1403395276319
486,60.7146752814444
487,271.10434306917
488,160.840600952488
489,82.5993607737918
490,106.925415327247
491,346.654494347968
492,149.300483250476
493,162.762769577893
494,195.215415070692
495,270.468422391019
496,135.97594160488
497,172.04287206305
498,426.865087916938
499,73.790672737744
500,122.308284642646
501,173.012805506989
502,154.662668681893
503,153.583448925497
504,143.173059903999
505,600.594007519253
506,92.0824686715176
507,142.771376213599
508,187.932980935092
509,188.300306437073
510,113.355276245622
511,186.12295950781
512,161.488516107378
513,141.589074376963
514,121.336106448413
515,230.206287933697
516,192.234249125515
517,127.543238050859
518,125.60155368027
519,169.975118619573
520,996.45681207776
521,617.187167594896
522,93.6250130027917
523,158.059432144465
524,146.71655123042
525,203.546622241452
526,103.304063873552
527,170.239710921469
528,170.043620051584
529,125.616886837021
530,179.822259864297
531,80.9213679170652
532,212.535476967634
533,114.857081207631
534,404.6284606663
535,235.749093858136
536,115.723202328409
537,95.1605851035885
538,77.4244244255295
539,127.363588589401
540,187.119354681877
541,255.391597145938
542,127.3909815277
543,268.609299083188
544,95.9653106009594
545,205.148340524719
546,126.995480204863
547,311.004421433531
548,200.115727334815
549,272.873628586195
550,213.1703350705
551,214.438792760518
552,622.504655024687
553,113.438060083537
554,151.269064445379
555,202.980975704971
556,227.117280324888
557,197.290642145162
558,139.129314925393
559,144.743634815533
560,102.165599396948
561,153.102395450261
562,153.864559398977
563,136.309944619916
564,195.510813934512
565,222.543325340842
566,326.038488760363
567,172.846814829565
568,285.275737085752
569,375.301463855792
570,311.192520745991
571,249.569333611874
572,101.480422115721
573,126.130307541654
574,114.636686926753
575,139.354329818603
576,367.557899373998
577,163.98920241117
578,181.134996785056
579,408.648953651925
580,403.819878443431
581,129.261549072416
582,78.8125011700045
583,120.285131111943
584,261.522222403929
585,204.124454207486
586,143.971582489654
587,114.865022860185
588,146.61248781685
589,478.004219683241
590,287.509069542709
591,95.730301802084
592,124.576820985636
593,432.938111228015
594,130.748454158916
595,162.030683371438
596,156.118347428934
597,122.360084776541
598,270.115277000121
599,168.994008592038
600,266.972030440948
601,320.631433783339
602,243.764701656273
603,144.6047659386
604,118.63788136557
605,300.735636291708
606,353.291283011876
607,169.054133921927
608,113.483938935557
609,104.026650532044
610,148.381175002593
611,378.805426232465
612,348.827503725904
613,153.941248418779
614,267.937960394264
615,571.878220421628
616,140.609394459369
617,212.147275916624
618,132.251138909729
619,222.914725802968
620,139.76619211005
621,171.380884369315
622,101.574438312633
623,175.242894693693
624,232.950875965622
625,228.682464422041
626,163.423960512298
627,609.732667318036
628,323.15835047551
629,164.463285830714
630,162.68649551151
631,166.8526697644
632,129.446159448815
633,199.025641111231
634,299.879171255062
635,150.646634276221
636,461.583342532101
637,178.891503979423
638,89.507019712634
639,148.433683505247
640,114.521023676747
641,305.889864346664
642,152.127320906999
643,120.824108846588
644,533.935660020798
645,180.708563248239
646,147.310520573249
647,277.616650528198
648,92.487621490837
649,128.06776866349
650,131.776000556052
651,127.594152336739
652,168.348167383703
653,793.61128868072
654,139.114256100243
655,264.278880077208
656,157.464764751916
657,121.283409653976
658,205.050052613968
659,328.147352619918
660,165.524216592498
661,142.655553276748
662,80.2228623008502
663,153.496544413482
664,142.824146954093
665,175.174888161104
666,232.270398231594
667,128.802556068018
668,144.005294077023
669,191.762756457142
670,90.1379561584814
671,152.901253154019
672,137.093655691711
673,140.079377457402
674,115.195717833737
675,141.819960945856
676,161.70496449817
677,179.194497495377
678,229.29524054569
679,99.8334905892916
680,188.040368492208
681,251.342094526628
682,132.123688477055
683,168.567218775447
684,316.402076181376
685,91.1979950928861
686,226.629273276737
687,84.7240277784092
688,203.896333249422
689,125.678597753523
690,212.140902950986
691,206.670401172941
692,80.2722624395851
693,132.908742036927
694,110.012757083024
695,144.198584164708
696,97.5793202592303
697,77.2499582461393
698,414.538119790489
699,158.949014689098
700,244.244414366006
701,113.476579757364
702,88.7817208316247
703,114.05790486685
704,573.993857076751
705,80.4502168484227
706,108.101042462822
707,212.702964557726
708,108.045077353742
709,376.281819550438
710,102.811467687212
711,235.901351462921
712,149.260976908203
713,150.21431280405
714,131.161897485351
715,156.072646099546
716,201.242584869609
717,35.7654214191274
718,195.044305017807
719,165.06564930548
720,39.5506364791468
721,36.8929613109555
722,97.8768634914848
723,107.807882841112
724,98.7533787100225
725,105.010652173257
726,70.0758006273543
727,98.5855070024925
728,136.521480936339
729,139.683775670964
730,116.068432734582
731,104.3639064548
732,85.8078734439277
733,190.924720193132
734,83.7929220289998
735,182.612856535224
736,234.866838127936
737,107.144369188322
738,93.2516881803158
739,99.5621345965139
740,127.262753187012
741,144.70995739197
742,58.3983666958062
743,184.669783984104
744,156.851690530374
745,159.260904470755
746,88.984140443199
747,66.3403289933074
748,86.1283136452928
749,209.048842468737
750,409.198045182409
751,139.706090602119
752,88.9382844115405
753,167.030982855384
754,115.258079802239
755,161.417303367869
756,229.566664899917
757,136.117492579686
758,83.7164420194766
759,226.880880699572
760,121.733543108018
761,294.280840067328
762,116.890892756372
763,115.210165224095
764,116.299398627832
765,125.498223499399
766,118.806809234701
767,698.46286097532
768,177.929079350652
769,203.755405220068
770,70.1925486490162
771,269.158438683056
772,93.7741529516107
773,241.921344796807
774,319.873085328952
775,121.585613017191
776,342.56700242322
777,130.312264551714
778,402.187612810893
779,174.067538891081
780,107.080525196553
781,239.473705717792
782,312.652960329891
783,133.442039306898
784,58.3403912098314
785,360.575208498648
786,171.997429880946
787,127.943678651981
788,390.710002365958
789,483.499048487673
790,250.539191219092
791,172.189451541504
792,124.384207770875
793,65.3249300855137
794,230.75667756549
795,275.896061012347
796,127.827083940629
797,620.833060130405
798,122.114578743454
799,129.2088604268
800,241.311184418669
801,126.298822141004
802,239.865469005595
803,229.709014706791
804,335.249851617558
805,250.660957057011
806,180.515820877883
807,332.437475061476
808,70.6261528374365
809,81.7448717509782
810,464.321332484788
811,87.9374634591125
812,69.6400295046797
813,98.0056209520388
814,115.510674494436
815,181.183717086062
816,233.530097610461
817,198.8453125916
818,161.536496554529
819,370.44864058797
820,270.292307562194
821,127.08471076753
822,418.657277342215
823,510.206769717095
824,839.046750062961
825,182.742211072408
826,102.470579629188
827,137.043786424718
828,557.623086470108
829,173.078899774968
830,239.905961799179
831,108.771051037978
832,257.37907135218
833,126.126458408873
834,101.979429172326
835,123.406591254081
836,255.942759324528
837,92.9545081904525
838,36.3070150579108
839,35.27975168326
840,1152.65283385683
841,97.8834443695991
842,146.587531970347
843,172.017114551054
844,178.323357671312
845,246.918419996453
846,95.8419299724472
847,131.753884248023
848,123.877422110484
849,189.868493252079
850,218.795881642165
851,277.298860756072
852,157.238246067151
853,122.605441295979
854,135.91772920238
855,87.8903865970408
856,240.808639275116
857,120.716707572638
858,235.563908476276
859,155.232393272802
860,645.915874171491
861,314.3390149035
862,410.723017343091
863,128.382407742014
864,227.615455012021
865,139.832320297024
866,222.539186819177
867,663.996388536278
868,180.196930655754
869,94.2433098562197
870,411.430637477688
871,160.455288502747
872,147.746883732562
873,247.14034159399
874,227.985318592088
875,261.276173486804
876,144.430902312348
877,138.07016963665
878,274.072543842511
879,227.095188615849
880,181.356935673185
881,249.725396541483
882,178.070399364873
883,208.454088648801
884,155.727861800121
885,233.711789609812
886,161.594276838806
887,124.65180995228
888,207.672296947365
889,209.758085949602
890,179.646480920143
891,134.347435786557
892,243.941560842623
893,55.7464351678617
894,195.4260891174
895,167.501000212023
896,417.200114709479
897,154.275897583774
898,162.945103048485
899,94.9586491280397
900,147.644060770384
901,136.329900358045
902,55.5581282572243
903,323.713719316441
904,258.761866170708
905,1378.99169700696
906,84.1381682847826
907,179.155965224454
908,116.103637964301
909,289.441307082048
910,183.121306693317
911,140.170448705364
912,109.716087197139
913,92.5096307749626
914,188.75041498079
915,91.2599410298177
916,106.313302540173
917,189.692300774641
918,124.857161012503
919,154.959054169818
920,106.45077244292
921,81.1984665636083
922,120.710548573099
923,266.097753384483
924,162.903928163302
925,142.38419398401
926,266.975722229818
927,206.228295084245
928,159.798336045182
929,136.508982593596
930,206.061189389182
931,315.841630042032
932,98.4327514444586
933,313.548897960413
934,255.255848309357
935,626.445069660662
936,182.219346611533
937,558.184141950687
938,220.788000772196
939,105.947212946641
940,82.229917488308
941,78.0919353717663
942,105.020567091532
943,153.180238468012
944,54.1994507407548
945,35.2175793752967
946,103.718671076231
947,160.449550277071
948,423.905872873837
949,117.345816824144
950,957.539076676146
951,230.50549817905
952,123.318296738216
953,175.894384707957
954,102.043637784647
955,176.981452854124
956,164.471755647035
957,231.125473674637
958,151.803267839354
959,527.607684306693
960,140.892620974253
961,103.241868213833
962,144.038532776835
963,177.271151970755
964,234.777036725119
965,114.831178806058
966,724.524788605736
967,159.143314493311
968,98.4541567669605
969,79.7844963744895
970,83.8105842560353
971,125.971267882135
972,60.6780343594373
973,80.9306291626155
974,237.977940483185
975,83.1652650228867
976,358.73060296976
977,121.576684958121
978,182.253236455232
979,360.164344602089
980,246.637181974354
981,140.291144092191
982,118.072054640041
983,625.766166064014
984,160.98262564926
985,722.664351321309
986,169.915232887121
987,67.0426471381508
988,209.556741460147
989,70.1856206149456
990,358.398736717584
991,350.396723936235
992,615.609690824497
993,131.986038985755
994,132.377260461789
995,539.370334737569
996,159.922739228288
997,111.062649489051
998,118.002824538201
999,197.7844971152
1000,107.390600957117
1001,222.620273412771
1002,296.671658241799
1003,159.973381962505
1004,108.648819554318
1005,358.67792156537
1006,94.6599110277927
1007,120.441586375909
1008,207.457521950934
1009,224.220851805054
1010,280.964123254421
1011,99.1790860529852
1012,94.6200631258027
1013,228.233642935365
1014,395.109213353124
1015,246.783997659152
1016,120.292186158505
1017,253.627158030316
1018,159.140506756584
1019,133.238324049731
1020,284.862097748451
1021,203.610399726642
1022,168.283719169744
1023,182.227079892658
1024,147.587327520711
1025,390.388013689586
1026,97.0301489156654
1027,178.504481024158
1028,195.745980069085
1029,575.41777384078
1030,208.69447369566
1031,85.7964994434755
1032,134.13683753758
1033,1013.75232457034
1034,337.963360444663
1035,198.171833919595
1036,95.6040321374488
1037,220.159428571837
1038,291.813818106588
1039,1140.40125335353
1040,741.309683663644
1041,163.344338912289
1042,207.82653747344
1043,149.897979997674
1044,123.453264042443
1045,162.844437185756
1046,263.516941629169
1047,90.3213279894989
1048,114.640786727464
1049,172.634137897407
1050,310.333798362629
1051,67.7820969527087
1052,183.196940600075
1053,218.46863472334
1054,136.42380302512
1055,261.263590584811
1056,93.4828855723035
1057,233.095657701479
1058,186.691117117019
1059,361.209865086572
1060,365.555883213034
1061,231.825146790547
1062,163.517187327097
1063,89.4411882725512
1064,101.768894856726
1065,733.59851935912
1066,115.310302998248
1067,215.251497086355
1068,127.808007168089
1069,34.8940617970392
1070,170.266907261279
1071,306.531005059196
1072,125.287755579308
1073,342.458882665529
1074,125.896505688244
1075,241.636695743187
1076,146.397042958761
1077,54.1651274448503
1078,74.6853830127719
1079,81.2098118608259
1080,96.1122662875212
1081,192.90934869655
1082,86.5589291009895
1083,208.113032975195
1084,226.841829191177
1085,116.280157031221
1086,232.563863121246
1087,332.920832110777
1088,99.6630699420258
1089,139.6448163525
1090,286.352401283906
1091,347.956338315918
1092,114.807034048907
1093,894.944754535325
1094,111.282115466714
1095,363.588696275193
1096,238.760397780924
1097,213.583220113308
1098,138.608313801107
1099,253.083033945026
1100,98.7015940837547
1101,128.183299330018
1102,124.772231277069
1103,136.543616225729
1104,177.637119179781
1105,81.1758581391799
1106,326.936146482599
1107,328.729164434873
1108,153.466611454319
1109,124.847873658656
1110,221.385745622078
1111,182.550694428503
1112,188.541453274547
1113,113.476687977116
1114,111.110057728879
1115,109.691867235379
1116,134.772002495539
1117,115.404639532841
1118,109.301373672473
1119,178.786442634906
1120,77.8233228579115
1121,136.669921093265
1122,107.728283101593
1123,354.224278403211
1124,242.194549170971
1125,185.769802362959
1126,89.3053269280414
1127,228.292527712661
1128,106.197428251339
1129,191.354912927531
1130,155.203971974793
1131,137.883121895791
1132,72.3923188588127
1133,158.17953995218
1134,141.973688264606
1135,92.1864583928298
1136,195.115466340825
1137,237.880710797765
1138,165.2518233221
1139,90.6231820186928
1140,99.6183132768351
1141,285.238059244243
1142,50.384481353081
1143,191.803359941068
1144,140.438325614399
1145,160.466612536803
1146,150.566704343147
1147,391.675881818237
1148,108.420949128037
1149,120.948906317478
1150,84.5291224129262
1151,278.144943376666
1152,170.923858502556
1153,188.882495883282
1154,154.127221889483
1155,104.899548971623
1156,98.8226242183149
1157,140.857757396023
1158,159.367866029099
1159,1267.28651734792
1160,411.48616169668
1161,586.216779167283
1162,174.313647252046
1163,104.609534475405
1164,104.660925259
1165,117.278298756858
1166,125.269894037296
1167,339.446477692278
1168,415.729191058179
1169,630.429966374535
1170,110.878241342538
1171,133.4176075766
1172,86.2453992529452
1173,87.9409438715496
1174,220.739156291672
1175,335.546842340998
1176,133.687367777795
1177,237.816064277121
1178,79.9072452438085
1179,176.114353213339
1180,114.515016967538
1181,101.579475622052
1182,120.352429011825
1183,109.130400998629
1184,364.266346994534
1185,56.9860842579648
1186,204.84179888215
1187,168.21183596509
1188,200.547024547897
1189,118.3733116194
1190,65.1302879830631
1191,98.689546284675
1192,221.431459964514
1193,90.1465527937666
1194,154.321882236045
1195,175.185997989539
1196,247.539925501214
1197,111.758314620751
1198,118.739129975002
1199,80.3054935764393
1200,97.2715954513451
1201,139.712152885672
1202,168.064074509764
1203,317.549725653832
1204,81.7577748156824
1205,88.279620376504
1206,117.268009440519
1207,211.073058595826
1208,86.3008947398175
1209,108.984533579319
1210,365.566864947579
1211,97.4916981474422
1212,236.739963297762
1213,489.272800413533
1214,149.753094855242
1215,86.1097934364585
1216,83.2824922419114
1217,167.019115936653
1218,149.534175772952
1219,80.0040085477054
1220,463.16659037962
1221,151.923402793879
1222,118.985509025193
1223,275.541609891014
1224,94.9045551656107
1225,270.727904233405
1226,646.664123197563
1227,375.532032148519
1228,131.711170072949
1229,406.744953985526
1230,381.714543665293
1231,438.506859130605
1232,205.771336909034
1233,473.659902633985
1234,117.95433137568
1235,174.432298748395
1236,108.897366361922
1237,106.988095499519
1238,59.0724371195762
1239,521.377825471278
1240,95.3679526266165
1241,67.8716853378889
1242,211.279386055698
1243,98.9367260036007
1244,216.964977532424
1245,101.574341443746
1246,133.331623120678
1247,160.618492992263
1248,349.698015495869
1249,228.929910664741
1250,107.376878135805
1251,115.760841974182
1252,73.3073972975294
1253,105.1522036626
1254,439.192812971665
1255,119.850468416877
1256,138.866649729908
1257,527.506557653983
1258,93.4046872177957
1259,129.760348702158
1260,146.932466292093
1261,109.353192194546
1262,174.417577252763
1263,105.94817282278
1264,215.193923796561
1265,95.4827550532883
1266,183.402864884743
1267,57.6412145699347
1268,213.775181204811
1269,104.493125492989
1270,67.7719165952078
1271,204.587900616338
1272,227.924882803339
1273,139.735005395904
1274,152.967250037195
1275,259.177768383386
1276,461.208444308637
1277,163.162336718705
1278,131.69804452797
1279,235.059433422786
1280,75.7694284645008
1281,59.4725028407773
1282,78.5887630467729
1283,490.809879887342
1284,112.977596824129
1285,84.8415102915471
1286,658.28774834504
1287,200.602496616873
1288,121.937575235308
1289,788.782598034464
1290,137.509851837891
1291,135.440977814173
1292,154.399093686858
1293,427.46556092463
1294,155.447794407534
1295,117.233904576746
1296,279.645305393724
1297,222.743870522144
1298,152.724551014039
1299,259.837689062229
1300,162.597929016656
1301,366.315270734525
1302,152.67285419959
1303,374.307063021472
1304,110.841502179059
1305,389.616062999974
1306,53.0616466489015
1307,47.8642264515602
1308,48.6049513204812
1309,85.0071756209366
1310,342.972510305508
1311,134.097634911724
1312,499.207457186812
1313,320.689078110582
1314,98.6907227627572
1315,85.5919842357875
1316,392.274923242319
1317,276.200521362761
1318,125.921601620371
1319,142.022574873674
1320,184.85858747358
1321,506.063019142162
1322,191.916253519919
1323,154.505736928969
1324,62.9803180467877
1325,180.052549289176
1326,161.018554506989
1327,70.7505647374486
1328,282.894458716152
1329,146.123652953147
1330,82.8590095974865
1331,882.668693342454
1332,147.145822328103
1333,121.766169936667
1334,65.4963826899493
1335,92.2950984419791
1336,168.926413293705
1337,455.008467466817
1338,76.26737092303
1339,65.7164624695928
1340,71.4286585566286
1341,473.944570030445
1342,71.2014329037308
1343,156.546534312378
1344,208.206931433593
1345,73.8444215311048
1346,77.9456189575754
1347,359.390630611039
1348,74.817694661961
1349,83.634607947334
1350,462.936737335025
1351,134.127499494083
1352,94.4486334783226
1353,74.5890770147349
1354,135.483028062894
1355,129.157671341533
1356,234.800995336315
1357,76.7132206891077
1358,142.570821208649
1359,97.6258608002499
1360,283.71066703147
1361,97.6250694256109
1362,932.290163248835
1363,341.377606768898
1364,107.091758979912
1365,168.189699557316
1366,316.388950566418
1367,73.6988237646931
1368,123.850489411469
1369,209.533260532116
1370,137.171796715051
1371,162.803210107369
1372,162.986910085386
1373,145.02986376178
1374,222.222764967014
1375,137.047315238912
1376,77.0547185870802
1377,643.801863954614
1378,278.306798861243
1379,95.4028838096556
1380,726.161447359151
1381,105.200600357808
1382,132.540595663322
1383,399.892276414387
1384,104.309876102495
1385,166.076844458973
1386,181.389540706398
1387,153.42307637364
1388,147.796560180906
1389,167.367908656978
1390,34.5731534442437
1391,305.111673626348
1392,163.950499887013
1393,87.9233335609296
1394,146.624093382983
1395,301.118906857563
1396,152.045952840925
1397,245.472000062379
1398,244.471160076289
1399,145.18201674515
1400,210.799575431221
1401,127.868660444414
1402,367.719003448209
1403,93.121094518363
1404,134.379086067791
1405,215.23907801526
1406,249.610155298693
1407,132.002718039185
1408,111.142116102386
1409,139.171116680963
1410,57.8430355852602
1411,435.132962655324
1412,157.307540114919
1413,130.355643905815
1414,81.1943237955675
1415,130.357819468487
1416,104.585992956114
1417,267.912153556482
1418,128.614631852371
1419,128.695978807281
1420,427.809154955661
1421,111.257921165036
1422,74.3385036311921
1423,155.862176039986
1424,89.646693070146
1425,221.005300115838
1426,379.108099831868
1427,171.524609722392
1428,103.527449300639
1429,122.545356234234
1430,239.282742093145
1431,99.3496265707062
1432,186.056586088727
1433,124.892590275861
1434,79.3594234437075
1435,119.362439410788
1436,136.427641143484
1437,111.761831850229
1438,136.37905463197
1439,82.5989669102863
1440,77.8840569535929
1441,83.1904902472722
1442,136.829222453425
1443,129.167464073894
1444,244.1900313539
1445,103.841891935087
1446,85.656575454875
1447,161.167268503173
1448,157.162912195784
1449,47.0518381482022
1450,47.0319752065824
1451,107.314788934618
1452,397.690057040067
1453,374.468804021883
1454,160.267181683073
1455,713.02818537798
1456,97.6142235843881
1457,204.053996463996
1458,208.017688999932
1459,100.240047772651
1460,47.6765643762847
1461,114.947977473726
1462,75.0522020628206
1463,56.7514670489726
1464,287.407637133774
1465,184.690390568833
1466,146.808927371721
1467,127.115983550239
1468,126.422221078082
1469,118.843468410674
1470,148.065031161451
1471,169.352012943462
1472,307.728825910853
1473,69.6199089978816
1474,173.633152000579
1475,64.5811759028929
1476,148.839303185419
1477,66.3988451898362
1478,77.569355605556
1479,436.110287563791
1480,299.724920919086
1481,110.173974136137
1482,253.733243584852
1483,180.921611243279
1484,135.415663530064
1485,163.652991324212
1486,563.142828079611
1487,205.28621853069
1488,197.47360972469
1489,93.3363451348509
1490,91.9141902189511
1491,119.942742659176
1492,44.1859914170007
1493,79.3522338802255
1494,370.826850992922
1495,82.9600989338788
1496,95.5341263981127
1497,60.1690699459343
1498,295.763578342688
1499,262.117860144143
1500,126.812067046969
1501,140.596790040937
1502,129.043969902498
1503,152.371250527065
1504,190.273168707049
1505,58.2519109216972
1506,70.3846970597527
1507,119.033063890422
1508,79.0567401879338
1509,207.138343897472
1510,561.001375928015
1511,90.8085368821019
1512,62.368893794739
1513,63.5476881731888
1514,356.643995033787
1515,53.6769966978549
1516,60.4826143141768
1517,152.613606425507
1518,153.709903349423
1519,155.296656428571
1520,367.114745619191
1521,174.794322293748
1522,203.026955625968
1523,309.118615123621
1524,306.734242273901
1525,140.583583431799
1526,176.701916576941
1527,161.050574796047
1528,196.649807975712
1529,150.650369686007
1530,240.508899139966
1531,310.870092042899
1532,56.4374816915481
1533,353.560925717581
1534,231.48117181614
1535,399.901810702878
1536,399.557385816477
1537,302.977869029781
1538,156.529814231524
1539,110.561574950988
1540,206.704205944823
1541,101.432672782108
1542,188.763105860235
1543,203.458900181588
1544,263.591842454956
1545,166.472719242305
1546,353.637305683739
1547,232.478932992705
1548,66.6733457895353
1549,146.488309863532
1550,165.285079512525
1551,179.578563702652
1552,109.904641495948
1553,742.98461278734
1554,67.4339271888347
1555,87.2634474717653
1556,103.741572156417
1557,169.408872832814
1558,359.846594586373
1559,595.762461675779
1560,67.501679636939
1561,103.773236403083
1562,77.8828314088265
1563,1168.68157633454
1564,173.581744079529
1565,157.618313412381
1566,117.227755575002
1567,181.873509613795
1568,110.410740952743
1569,279.348236681493
1570,126.655791345745
1571,86.5562462991706
1572,91.4924823900517
1573,124.611457665647
1574,70.2628047169563
1575,73.3632777791139
1576,60.9611710652621
1577,69.0320562518537
1578,147.830039545843
1579,355.687156594196
1580,132.641375206535
1581,118.531575635393
1582,336.356784369804
1583,214.67512590468
1584,132.652127859537
1585,225.246061829271
1586,216.841278280322
1587,115.529898937858
1588,234.040106621731
1589,119.127321774343
1590,155.709595691023
1591,293.507549799368
1592,249.597777172318
1593,62.5559396950985
1594,125.160629704199
1595,463.029901283127
1596,239.762437671369
1597,80.2230918206286
1598,70.556710988542
1599,276.541446409991
1600,150.806837190612
1601,113.239933930916
1602,95.1182586155081
1603,254.651031506043
1604,243.732390171143
1605,146.452690149446
1606,381.97345772979
1607,157.058928340836
1608,219.126648871447
1609,446.525370546452
1610,228.993888703692
1611,219.593997711081
1612,143.444075839319
1613,141.869132863088
1614,91.710746517239
1615,158.398199726485
1616,313.667333641166
1617,366.826894777538
1618,106.4110350292
1619,53.5314043238122
1620,361.36525743545
1621,414.798727015934
1622,192.684205619843
1623,242.272400161514
1624,357.15999323407
1625,406.764349558745
1626,71.7131464037354
1627,166.160888015815
1628,196.106226174657
1629,296.561761018925
1630,185.471078736038
1631,448.568311864684
1632,250.397902326835
1633,50.4986099579835
1634,438.328118177347
1635,248.772923693339
1636,93.3699979158171
1637,69.6964045112654
1638,363.666375497042
1639,150.338208277414
1640,132.970928266588
1641,104.317536162776
1642,169.112184017134
1643,88.4942707654844
1644,86.567886133878
1645,114.447981637182
1646,73.6963287009533
1647,150.041073583805
1648,103.706802095464
1649,202.423754102638
1650,331.363822775521
1651,157.277838927372
1652,141.491886245802
1653,82.2129411896051
1654,82.0591382541292
1655,86.001175254838
1656,59.147129323429
1657,61.4030956020985
1658,84.6610278922155
1659,172.149224140172
1660,167.574417471221
1661,233.010533366574
1662,155.181475470997
1663,904.17295519888
1664,115.731866089006
1665,68.7238527232323
1666,86.4137646734367
1667,133.27276337711
1668,328.191793918721
1669,113.326740377897
1670,60.7894438465951
1671,33.503154381224
1672,207.086692969652
1673,63.1212926175564
1674,93.3841125467317
1675,138.974028622136
1676,98.0758854086556
1677,140.56153048993
1678,104.039300263057
1679,426.579813004455
1680,242.299318861355
1681,265.026718786976
1682,226.933031975432
1683,897.683933268779
1684,208.290741293593
1685,117.256994162256
1686,92.3521086457174
1687,433.533689853004
1688,187.42788272671
1689,100.575481802164
1690,73.6072646113885
1691,158.845363953584
1692,173.803129950122
1693,432.086761035048
1694,142.408026798527
1695,147.090472874612
1696,340.923910839336
1697,135.06169553529
1698,367.76003578516
1699,78.2111105779706
1700,210.419060099982
1701,123.94968500402
1702,589.475056801283
1703,103.243000499901
1704,212.580884293646
1705,142.893561650629
1706,133.673790334045
1707,272.604680733997
1708,193.491579268427
1709,94.3379533359702
1710,121.885721488561
1711,102.825293477275
1712,127.043570902192
1713,194.345886574605
1714,432.889600316074
1715,374.807329359137
1716,280.674085085723
1717,87.1909090052732
1718,159.135953775295
1719,266.922132648293
1720,71.4581263937787
1721,243.605974887632
1722,97.0441227310912
1723,96.0956314735656
1724,167.992525442452
1725,74.1226949320416
1726,82.0418060059095
1727,154.027670244129
1728,94.6442947884682
1729,86.2010778832354
1730,134.244655853095
1731,484.706100265496
1732,195.6128306833
1733,78.5705153069299
1734,227.440020740248
1735,120.508339717335
1736,131.805599491442
1737,188.666730550765
1738,360.392659055646
1739,96.3597909553615
1740,149.835379285157
1741,110.639205837054
1742,135.935877388523
1743,131.087305064247
1744,326.232102972126
1745,119.647304108747
1746,205.340847356215
1747,287.181188292856
1748,72.4984054311692
1749,71.6341299877936
1750,171.018264861464
1751,80.799257282578
1752,150.97577713975
1753,113.232320608687
1754,86.0968193436088
1755,102.330442233088
1756,349.627987925036
1757,136.228137141337
1758,225.789329483444
1759,134.014407308823
1760,104.380678468695
1761,63.3127686152358
1762,182.554785681203
1763,260.925947478858
1764,182.017528524149
1765,111.000704976211
1766,315.884555390927
1767,135.08797428498
1768,175.680554818625
1769,138.943151173755
1770,263.249809636854
1771,149.181284228672
1772,71.4499150581311
1773,388.224065240656
1774,289.350920475362
1775,95.6257342764503
1776,87.198767197903
1777,121.007112307812
1778,95.776782507345
1779,125.035779183031
1780,94.0236362188419
1781,174.242096288889
1782,478.078758661171
1783,167.099811677137
1784,173.847557051071
1785,77.4685550144001
1786,146.375125028974
1787,75.9470330171501
1788,72.4442545785682
1789,75.462515912789
1790,142.22418972631
1791,215.154216438726
1792,104.098898701826
1793,95.1701599429829
1794,105.428941496557
1795,256.670313544184
1796,68.7464350223228
1797,111.639167291503
1798,120.429296763867
1799,108.963800369475
1800,162.197114413947
1801,110.52372856542
1802,149.628325955973
1803,146.249404678211
1804,145.049021135923
1805,234.858774753387
1806,99.9336526822385
1807,147.351618536168
1808,241.453332951947
1809,81.8683334018316
1810,306.127270082579
1811,176.546781407946
1812,200.932585387471
1813,176.479278695517
1814,189.357831890911
1815,587.590038574993
1816,278.339313981151
1817,216.659167555723
1818,69.6571664009859
1819,104.105302229542
1820,181.035610007665
1821,250.515657444451
1822,91.241840114694
1823,108.183909584741
1824,166.153281948083
1825,146.918384332147
1826,135.106269374006
1827,376.329190772568
1828,161.429080171997
1829,240.078304164796
1830,251.577108861996
1831,101.2718354985
1832,486.889828339599
1833,139.802518744113
1834,130.42981999082
1835,414.329633361958
1836,301.125511825457
1837,296.819666567586
1838,158.13685466321
1839,154.836814071024
1840,138.818783250498
1841,144.902535021606
1842,116.365354358244
1843,131.877959475065
1844,98.4653776438147
1845,194.963500961033
1846,125.638332437598
1847,182.572631578991
1848,346.898725110163
1849,760.357762387027
1850,103.269489690744
1851,114.415460720546
1852,71.3347832639002
1853,202.862540691684
1854,219.903320991078
1855,72.9595770031958
1856,165.830345705598
1857,2018.51705404881
1858,215.778890151668
1859,143.479305889608
1860,75.2886292043816
1861,86.086063824855
1862,90.2245187047402
1863,80.3270552287264
1864,139.991035471695
1865,278.833479938103
1866,260.846828873431
1867,189.01611128433
1868,101.434897682411
1869,460.989674493432
1870,150.315915321952
1871,254.654674344325
1872,98.4956193432869
1873,62.5200657025678
1874,158.417612163817
1875,263.66362143617
1876,152.333764501502
1877,129.89703966699
1878,98.1152236923238
1879,179.154256668174
1880,287.697499803846
1881,125.512766000463
1882,130.107495371602
1883,300.674840021078
1884,163.881405372176
1885,131.627854492119
1886,419.329376097507
1887,630.255034212815
1888,677.507872827344
1889,104.070360636066
1890,102.006469691827
1891,143.729037087648
1892,180.312106402009
1893,265.665552783012
1894,121.032041572383
1895,173.134864466634
1896,223.075925801439
1897,86.7882232676599
1898,323.605377622132
1899,193.483644729285
1900,168.607815115457
1901,169.148798074024
1902,144.544720410429
1903,99.2425725949285
1904,228.816082706337
1905,71.6086869351476
1906,59.3422240841253
1907,150.052735897963
1908,243.222251203761
1909,88.081659390265
1910,88.0308952890672
1911,184.44977161025
1912,62.2615660689124
1913,96.3448130947215
1914,155.447053176456
1915,84.5969050144933
1916,242.423668914046
1917,105.070155726912
1918,75.9188996657419
1919,74.4668628732694
1920,68.8263027617307
1921,78.307985654726
1922,90.8062852640144
1923,186.792005456916
1924,77.6768430191452
1925,83.8492383558795
1926,78.9019188303782
1927,78.7676801100152
1928,72.74680012162
1929,87.178603417602
1930,78.1831823867414
1931,194.226562534497
1932,74.317982442244
1933,82.7676727565112
1934,141.68193784796
1935,86.6762281263671
1936,135.412241298639
1937,66.4924706813187
1938,225.295796154537
1939,209.714781565611
1940,726.740626202248
1941,146.884691190518
1942,106.557776841167
1943,159.94691455751
1944,224.564210556379
1945,81.4327407303807
1946,127.796123717227
1947,54.8729034511789
1948,72.4267428304143
1949,117.868083080934
1950,268.965605639958
1951,203.943784739987
1952,276.246489419992
1953,109.087426544889
1954,97.3891074008245
1955,108.685920268095
1956,148.804389002783
1957,102.403221383001
1958,74.971329724403
1959,83.8416820166325
1960,142.022439430456
1961,288.754387919138
1962,66.7747131281782
1963,62.8803929865916
1964,81.3356456093982
1965,82.7545708485993
1966,84.1149017833517
1967,82.8318310006778
1968,87.9904393365203
1969,354.387987393628
1970,173.401233370603
1971,572.279765108315
1972,186.44966967925
1973,88.939726331908
1974,187.594636722767
1975,201.817051783878
1976,160.497528157711
1977,56.3991189533393
1978,535.151230753149
1979,72.6259422544083
1980,203.842574720045
1981,115.162435305854
1982,178.049088083849
1983,157.866004005099
1984,332.415600222562
1985,539.93027457864
1986,163.529351266572
1987,389.313910603894
1988,194.558312624733
1989,107.284704205152
1990,92.2352646090108
1991,154.081368713576
1992,229.993650171489
1993,159.349324932768
1994,275.838707907187
1995,148.075763192491
1996,152.823041808027
1997,135.444917452218
1998,120.399611613482
1999,146.641363606551
2000,90.9217526111031
2001,235.17603080647
2002,187.354879550758
2003,84.4449637928317
2004,179.689745498357
2005,293.883150052065
2006,374.369001925744
2007,462.930777246559
2008,214.752425451345
2009,215.650211403051
2010,176.927956835706
2011,142.668070144069
2012,60.962827995219
2013,458.738984959039
2014,250.17424849816
2015,526.869302347822
2016,175.196941441671
2017,177.373208409956
2018,154.596087753866
2019,156.86919300198
2020,194.336341660955
2021,45.3478607193529
2022,237.867553239655
2023,149.972477461436
2024,219.296193524127
2025,265.776673680738
2026,254.981770597099
2027,242.309370816577
2028,246.710696536433
2029,486.548894200123
2030,180.080196961844
2031,161.453945135759
2032,182.573589213066
2033,170.507072904635
2034,183.457268905421
2035,246.005508414937
2036,179.11556223226
2037,106.194136775155
2038,113.235074304446
2039,180.821220655109
2040,91.9871929834022
2041,100.739920625704
2042,180.026622720725
2043,179.315017705021
2044,245.881548728564
2045,110.588465352828
2046,207.71418911422
2047,329.791764040367
2048,451.511697322469
2049,412.278245635015
2050,217.773029022272
2051,160.804635124763
2052,91.6860854977628
2053,215.404793035813
2054,347.86376810234
2055,300.189341528808
2056,302.113865863249
2057,74.8985441301685
2058,325.261768155311
2059,57.3067286368573
2060,956.937936142932
2061,89.7685616762745
2062,113.992930858929
2063,307.759935629494
2064,187.878951805615
2065,141.771955303296
2066,144.46327484965
2067,137.686347789424
2068,90.6071948038294
2069,83.8813103989317
2070,126.082021461838
2071,152.413833052751
2072,108.207280615734
2073,105.721227677814
2074,75.6977810776355
2075,136.807562742423
2076,108.963696453546
2077,350.528743721378
2078,266.043325159467
2079,223.996225212176
2080,211.630979097961
2081,64.9021743612486
2082,150.363587562148
2083,287.200908137162
2084,44.6990082658078
2085,39.2276220060118
2086,143.703612723367
2087,89.2687546781627
2088,80.3492739974082
2089,116.599746618411
2090,274.513054568087
2091,153.302632739381
2092,104.791561386952
2093,712.389614624161
2094,159.350008787349
2095,181.071179197851
2096,118.110852500557
2097,71.6047261454878
2098,226.846913078965
2099,111.103965034451
2100,132.12658657711
2101,175.72839458152
2102,153.721924132771
2103,297.910208011129
2104,252.215872680777
2105,53.1563089845454
2106,88.2379561581917
2107,80.1229306200687
2108,195.425809558337
2109,327.64639637948
2110,167.298570534072
2111,52.4038011533906
2112,150.934388069261
2113,93.5461604818535
2114,73.3014550709075
2115,96.2443011783541
2116,89.345364952838
2117,281.694291604858
2118,213.5098029107
2119,218.607125797495
2120,316.397550045744
2121,61.9965964051401
2122,262.412120864356
2123,237.373311547864
2124,76.9974215176542
2125,105.302331040354
2126,318.696067037918
2127,178.172321222001
2128,484.567906693395
2129,145.499775182572
2130,47.9784569287391
2131,68.813537378568
2132,96.6916917594726
2133,87.6465194635283
2134,154.75739127343
2135,101.173709144276
2136,197.546599345505
2137,333.459108484569
2138,267.492184019377
2139,147.614776370434
2140,556.132345869706
2141,114.724892314125
2142,124.085994194531
2143,124.739691189174
2144,111.806126439011
2145,189.910235098417
2146,1010.19884796965
2147,314.366595601575
2148,225.642737711863
2149,310.935618557683
2150,112.4086920493
2151,217.35940318955
2152,201.272142702296
2153,240.49043579232
2154,130.395928782104
2155,98.3143083687983
2156,170.554073155731
2157,83.0239312711443
2158,290.23294546935
2159,205.502959226171
2160,127.057565443942
2161,462.587208578733
2162,142.548728424376
2163,187.849121481408
2164,147.063402019617
2165,95.3175796529715
2166,156.9288956062
2167,77.2221523354973
2168,104.780219148971
2169,64.4379855309297
2170,40.9641000844429
2171,235.16560195538
2172,485.878399336794
2173,119.421419416223
2174,139.277004268393
2175,148.012159025074
2176,172.243239586161
2177,156.803307108032
2178,168.246971462449
2179,570.259085549208
2180,110.939641411608
2181,243.731227967311
2182,299.292899636651
2183,79.3535960632904
2184,129.540447447792
2185,103.516490687569
2186,108.22786987793
2187,186.505955754152
2188,107.057040184575
2189,114.235072161125
2190,168.164198177522
2191,317.491585885482
2192,115.944469172642
2193,427.417051789
2194,192.618339644877
2195,101.144670795151
2196,498.7166207556
2197,160.425145983079
2198,194.180816388223
2199,174.546370055074
2200,128.01416264628
2201,340.608192955523
2202,190.358564151588
2203,243.623631905387
2204,138.224841453063
2205,843.318531924098
2206,163.926970090819
2207,178.178523350328
2208,317.235080481743
2209,71.3717672347615
2210,115.471959897102
2211,391.662808443414
2212,195.066348299538
2213,109.672777513906
2214,188.577238291273
2215,411.619999968133
2216,100.526959886004
2217,143.544726748576
2218,100.617837744541
2219,271.543708546872
2220,97.7902332007821
2221,287.819482995825
2222,161.284200576521
2223,177.926618914963
2224,87.3845346057699
2225,93.9583358204338
2226,131.556447238848
2227,130.001760008596
2228,133.267552427715
2229,132.277375410849
2230,155.236168367941
2231,141.234592861051
2232,89.0175823100449
2233,303.574977845862
2234,73.2518737421217
2235,101.375277555004
2236,1155.85170064546
2237,1155.19601457518
2238,127.674123293351
2239,157.361256501759
2240,167.702075488709
2241,40.9334053916928
2242,346.536657089101
2243,175.561389096013
2244,208.436992781175
2245,261.344455638773
2246,249.912062043358
2247,97.37986652897
2248,59.1166209542307
2249,333.235303606105
2250,333.78666197879
2251,58.9303039886012
2252,194.02911635709
2253,206.674835886225
2254,163.726517585592
2255,901.034518015458
2256,143.271471119057
2257,222.561896577879
2258,99.3856844172529
2259,38.1825121997884
2260,291.752599553324
2261,103.740483869723
2262,268.550131303305
2263,47.333747114103
2264,79.9050353152311
2265,171.530498653619
2266,274.719296393216
2267,257.788571607736
2268,76.7871473094442
2269,99.9577198797177
2270,136.091078450414
2271,106.706654498468
2272,107.258310268301
2273,150.148644500689
2274,222.130383503991
2275,81.9740380421281
2276,51.1620006532684
2277,167.442066004985
2278,481.138690878635
2279,198.920801116684
2280,287.738932614222
2281,200.293960681314
2282,258.282211398737
2283,154.315921852122
2284,145.324488972808
2285,151.045912523462
2286,225.850922115335
2287,238.717935570777
2288,88.1916856442917
2289,96.7875017560977
2290,218.8894856748
2291,226.07482138877
2292,87.6901205262409
2293,271.256927689314
2294,360.45831120434
2295,327.628429964787
2296,148.987495705081
2297,219.464508919387
2298,146.017921253612
2299,96.9748749066296
2300,144.798032119796
2301,124.914567424145
2302,99.7466980627716
2303,163.888672994476
2304,213.461448918297
2305,110.204028280186
2306,158.539579689872
2307,169.915070843405
2308,128.206344606542
2309,180.830619127544
2310,449.730832519756
2311,128.049693967709
2312,479.097481462995
2313,96.2943373968357
2314,62.7558741649845
2315,40.0344152606231
2316,158.224273824669
2317,149.328749157028
2318,175.90293995982
2319,511.562207772116
2320,177.185713270123
2321,599.854729037165
2322,72.1188566036767
2323,193.789729115867
2324,104.333206220007
2325,222.329496410087
2326,280.004367842234
2327,118.656777567637
2328,141.439472862434
2329,92.5554745288912
2330,199.851867067853
2331,224.997340263897
2332,96.1543473451881
2333,136.862436320048
2334,273.468256376661
2335,199.709639584047
2336,108.253160296627
2337,226.292791968834
2338,156.600662891449
2339,100.252619482145
2340,99.2503811222423
2341,213.760808719041
2342,188.053639326448
2343,126.263776652753
2344,232.571293211071
2345,139.891875756833
2346,324.542140316961
2347,101.808840572179
2348,186.505688955433
2349,176.187261089557
2350,130.468883536188
2351,88.6411549373013
2352,203.477237176214
2353,118.832021827643
2354,158.556136420563
2355,126.807834308214
2356,156.131673299848
2357,111.614629251392
2358,144.032351446255
2359,73.7103513529032
2360,123.353642253067
2361,734.24594789275
2362,117.351020740191
2363,213.708831200176
2364,107.839451240108
2365,89.7519120809921
2366,272.043969816947
2367,173.5953189273
2368,135.441946567002
2369,594.595462284427
2370,102.752557328949
2371,225.167025109809
2372,125.602571839692
2373,101.52528922391
2374,92.5505757968056
2375,161.916993243016
2376,104.386054046409
2377,206.019827077974
2378,250.852867240132
2379,46.6229204620654
2380,50.5311519968249
2381,284.112338101382
2382,46.9768493317172
2383,125.567539921541
2384,190.552638584393
2385,165.420458678498
2386,152.572859636533
2387,257.346182375174
2388,102.934543334586
2389,539.913025113396
2390,260.322839255616
2391,279.00012629655
2392,328.952138920638
2393,154.074095184781
2394,164.634570638826
2395,157.775171559861
2396,160.485819313493
2397,92.9202519257795
2398,172.15948533933
2399,153.035099716333
2400,152.368416958723
2401,42.8941280589316
2402,117.860102399914
2403,206.525487707531
2404,112.416839642036
2405,315.010331982579
2406,226.343620842835
2407,168.135413530461
2408,478.451171652045
2409,81.9983154504358
2410,127.296194248802
2411,313.204313314289
2412,326.768290346518
2413,130.718219980279
2414,340.127460354855
2415,112.562577526306
2416,629.81731550199
2417,140.094607557204
2418,185.419614087353
2419,184.803239166592
2420,217.143824837735
2421,71.2528540169907
2422,214.433373452617
2423,442.950988876106
2424,410.506858056233
2425,274.883483887305
2426,127.579916188864
2427,125.846988919699
2428,254.055279682093
2429,173.988870899714
2430,201.738636418242
2431,46.6808139618394
2432,193.041670422335
2433,113.733133584905
2434,69.8319307533075
2435,153.171108486409
2436,78.4807621867056
2437,76.1608533571497
2438,141.9842495969
2439,378.662034347538
2440,135.770947642953
2441,623.957268646558
2442,95.8031833642149
2443,273.662621156427
2444,157.847788172955
2445,651.977487302781
2446,87.4795063212356
2447,118.605923083885
2448,231.301655114048
2449,164.679245407317
2450,158.192438303909
2451,98.6607504747481
2452,256.936527240634
2453,98.5996107811491
2454,161.115710037988
2455,129.14418445399
2456,155.851474201107
2457,156.72100733618
2458,165.378027423027
2459,159.572417068772
2460,146.6634612715
2461,211.021533377336
2462,159.492390401553
2463,156.106436998625
2464,149.205970178246
2465,209.925486924872
2466,131.077366780612
2467,161.518319298789
2468,214.375712319108
2469,174.970359409974
2470,150.301222416243
2471,180.903409157965
2472,208.436396439008
2473,146.427901147585
2474,173.951789783339
2475,219.227502731547
2476,173.871267202644
2477,175.656095384666
2478,173.126939162902
2479,174.246167506647
2480,149.375680952582
2481,167.666414185706
2482,171.753199442947
2483,161.379900394616
2484,181.090952473243
2485,141.576044594686
2486,156.580577138615
2487,176.791758479077
2488,146.566494067113
2489,170.166992205476
2490,167.894345317258
2491,237.538397637023
2492,134.294851301769
2493,122.905781341658
2494,56.400624992401
2495,177.849599032559
2496,134.314640123156
2497,137.6372473792
2498,145.973714947257
2499,176.060783482705
2500,86.2502932681155
2501,103.536927955597
2502,105.318852105378
2503,153.937137798846
2504,154.839398210712
2505,226.496715986429
2506,96.2095206771366
2507,36.7955691975036
2508,33.5798527847466
2509,288.091489877641
2510,185.861507303206
2511,186.470208126555
2512,216.854100008764
2513,238.950033016114
2514,218.736630222807
2515,274.36033906777
2516,248.929912989082
2517,259.305092806292
2518,201.768748162918
2519,198.642318618814
2520,217.463176639006
2521,189.810196792293
2522,172.570352945873
2523,238.305887021264
2524,266.905841511392
2525,199.374049259936
2526,235.375838171
2527,233.332302115743
2528,98.5677861145204
2529,213.58637731353
2530,248.045045067067
2531,116.166436048921
2532,131.848721511828
2533,115.368601021723
2534,148.080705836808
2535,430.326900927862
2536,959.353456626809
2537,96.1943826976333
2538,68.8801468717165
2539,86.627761068656
2540,78.4298840263789
2541,60.310739731305
2542,157.053611131998
2543,44.9265598749339
2544,105.465898213476
2545,157.803386481562
2546,81.0866086538919
2547,166.933762686605
2548,153.321786238429
2549,157.138633149609
2550,159.517717694418
2551,161.259976911351
2552,170.122775591133
2553,206.272059832163
2554,205.324300532247
2555,195.204431235983
2556,188.000471962683
2557,192.655174046608
2558,199.068921502885
2559,223.77726555728
2560,70.3899664971058
2561,44.1897840938268
2562,819.916322714594
2563,54.1164378366681
2564,55.5756953492705
2565,49.118704165547
2566,82.5401841558344
2567,75.4717282079509
2568,33.9028314723395
2569,140.615160687029
2570,132.578205165503
2571,111.029025742967
2572,64.2793255574757
2573,207.057268564475
2574,35.1464906689545
2575,61.8980255180215
2576,147.283690141268
2577,62.9158737194062
2578,65.0977488586291
2579,46.2007765702725
2580,138.676010167918
2581,288.271091992824
2582,56.2769680632379
2583,49.4564993885086
2584,59.54071624337
2585,52.7755367292332
2586,169.911262860559
2587,179.90193548438
2588,612.968180297483
2589,124.41451939086
2590,140.995582683466
2591,313.765465753919
2592,166.638627470641
2593,75.9586224989022
2594,66.842153848586
2595,92.0169807224061
2596,48.2501780078148
2597,209.349201310969
2598,141.079849466697
2599,402.77853094926
2600,202.187024781614
2601,85.4204134750309
2602,140.833243861668
2603,245.36340153322
2604,261.086124117237
2605,277.131116210301
2606,95.913112840438
2607,80.4506004658651
2608,307.433000594325
2609,195.016963648941
2610,182.448007914268
2611,59.7070652531108
2612,158.043078002124
2613,24.366655226743
2614,148.25118675043
2615,149.651801403079
2616,313.229852770261
2617,67.1197993391433
2618,104.714338537437
2619,116.510210875877
2620,188.805685043179
2621,110.778201951338
2622,138.720056994085
2623,69.250872778732
2624,187.482676125315
2625,198.190166932202
2626,275.518355111735
2627,320.41486327048
2628,159.459083148453
2629,132.521763317635
2630,322.575784856716
2631,264.258087926788
2632,59.232760818916
2633,99.3865848462909
2634,81.2678021681268
2635,276.743009914177
2636,123.281491712538
2637,52.8698146941606
2638,248.989744490604
2639,161.854003738631
2640,254.844538319976
2641,162.419856374307
2642,45.9784004161078
2643,174.571424141729
2644,190.321533578844
2645,213.719633330215
2646,174.49194599405
2647,76.9720187686614
2648,200.787865411308
2649,200.425326695891
2650,283.175853794899
2651,231.495079965789
2652,156.852662838674
2653,131.213630635581
2654,100.757839847691
2655,196.962685577601
2656,73.7112652022643
2657,227.343085446389
2658,185.916197388174
2659,466.929705311877
2660,60.6361241381777
2661,80.1036773160613
2662,157.907637330353
2663,140.595717376647
2664,74.5426056328533
2665,140.101555170185
2666,251.097002537336
2667,139.737937183746
2668,155.56843978461
2669,110.002003683671
2670,113.900888863495
2671,101.288352084804
2672,219.342417704693
2673,132.212172176495
2674,138.035609544365
2675,184.992002676347
2676,204.212365847371
2677,153.906018095159
2678,361.429535670198
2679,69.1160457806955
2680,452.000687370163
2681,47.2872183633097
2682,130.818923807742
2683,87.4173336276541
2684,173.054885079984
2685,166.518607424372
2686,75.4315406232409
2687,148.807794903936
2688,193.780673525368
2689,54.6190075919178
2690,193.248892808671
2691,73.2726595737491
2692,190.800582006237
2693,172.7186995689
2694,489.078963651748
2695,201.563538663125
2696,426.077078760826
2697,108.547686030198
2698,199.67754999717
2699,149.230660212757
2700,34.4272253123733
2701,53.7002037497735
2702,275.635700102434
2703,133.601910235947
2704,303.47308684475
2705,207.582796854148
2706,224.333891382898
2707,244.404139827952
2708,130.784682041101
2709,211.65328215984
2710,204.424463563163
2711,377.815252764806
2712,94.327427704276
2713,78.1538107557993
2714,169.02439097164
2715,109.534959481095
2716,219.639132607956
2717,54.9651617645375
2718,47.7926258637731
2719,107.612508603962
2720,283.178149293282
2721,235.116603760887
2722,94.9526271039493
2723,94.3546888092916
2724,122.707735436135
2725,119.71515850376
2726,107.667068832767
2727,127.780829209459
2728,105.425523026273
2729,178.535466508419
2730,212.204438849352
2731,177.615859753281
2732,131.48181852146
2733,175.956713371578
2734,170.784464002926
2735,219.88455219672
2736,84.7615268705464
2737,187.13407746217
2738,151.3149465344
2739,112.122828727729
2740,538.760363721051
2741,63.2437016778509
2742,426.976034431321
2743,205.856325872854
2744,159.140962061877
2745,164.652234959579
2746,104.673801855338
2747,137.542640649954
2748,119.538668862665
2749,172.209979347219
2750,224.02538616468
2751,223.253210114005
2752,251.843443896926
2753,268.768553312489
2754,176.238432212516
2755,359.979600037214
2756,143.758167561156
2757,198.960074064422
2758,223.76627517969
2759,200.217187286009
2760,92.2281839073744
2761,95.2485646362917
2762,99.2432824356614
2763,57.4559858806618
2764,112.161062241677
2765,265.199655620947
2766,512.640545844119
2767,137.622153179527
2768,157.880382447808
2769,145.504354314782
2770,244.142994576913
2771,239.667564506092
2772,111.634695749981
2773,336.441479585385
2774,32.6879784735402
2775,280.388357281231
2776,159.100217396627
2777,213.969355385253
2778,131.48338591622
2779,246.846020587926
2780,129.512283527185
2781,257.275019127358
2782,319.968429143703
2783,251.077008025799
2784,137.217001511331
2785,166.985670099235
2786,119.232967848017
2787,408.505952168306
2788,300.239445211057
2789,156.54757937673
2790,173.688302053235
2791,382.96083297723
2792,97.4413650045175
2793,93.9127823928619
2794,341.860921372433
2795,360.487016293344
2796,269.361941996776
2797,29.457692290496
2798,307.035837015628
2799,364.2983084109
2800,177.312491702203
2801,231.620732703856
2802,231.487021967743
2803,180.410493797008
2804,208.294912807501
2805,194.635421959013
2806,82.6025511374048
2807,302.673476947132
2808,108.088156582424
2809,139.986896851366
2810,278.944389098871
2811,137.795639343526
2812,463.417991620074
2813,240.166583126915
2814,176.822278031522
2815,243.247767571681
2816,188.978981410652
2817,78.385018923991
2818,144.39048126727
2819,87.7570901523468
2820,204.973020005597
2821,144.486560010662
2822,108.997994090191
2823,159.390665415904
2824,96.5455995034393
2825,736.81467850389
2826,76.0973988699488
2827,138.603951692514
2828,438.81643097267
2829,350.626537261549
2830,263.935200643654
2831,53.8254617577823
2832,159.648601397189
2833,182.455924903089
2834,229.515659450082
2835,213.188835724968
2836,210.4554850848
2837,194.753789924201
2838,194.28927263327
2839,194.992415481723
2840,88.2405648552013
2841,26.4491108081986
2842,517.546190298059
2843,60.9667524826569
2844,568.982489203259
2845,589.822578543888
2846,624.512401460321
2847,151.689882223046
2848,195.604249528626
2849,137.708803277022
2850,133.697440199737
2851,77.6860663287532
2852,281.334001141539
2853,125.412080286305
2854,224.392198009538
2855,268.432858828267
2856,193.872080482663
2857,37.6423400593985
2858,38.7177042063861
2859,196.678409885882
2860,156.739242614525
2861,199.560376355672
2862,92.1432578742758
2863,386.681389269357
2864,82.603299512144
2865,235.782820448782
2866,144.877939320241
2867,160.965662031098
2868,187.182626228703
2869,254.883549015366
2870,146.991961702049
2871,203.174258258117
2872,313.876649417929
2873,182.313732453622
2874,38.1609249914946
2875,136.009142908977
2876,369.204161194793
2877,164.241422349302
2878,976.188814256681
2879,110.718052704204
2880,450.870351241251
2881,156.024949376289
2882,136.934177059684
2883,62.7832010287124
2884,391.577468705226
2885,205.289938312079
2886,188.804424633458
2887,72.9267775613727
2888,73.4045335500355
2889,221.6779309171
2890,342.966295764399
2891,120.735244027855
2892,89.9399021248875
2893,218.997748941613
2894,46.0073714207318
2895,359.375207569356
2896,175.419299925223
2897,92.9997298336728
2898,96.9539298944814
2899,143.174015690479
2900,93.8876187841131
2901,97.752004061332
2902,128.413632464843
2903,204.633561503932
2904,226.976861298773
2905,167.566027581808
2906,172.500915883857
2907,170.178109015047
2908,161.239601090223
2909,128.441434979912
2910,62.1877742138131
2911,376.291688063287
2912,160.90058744999
2913,99.3271740248055
2914,137.927114187808
2915,134.895703741421
2916,114.757282299798
2917,319.534196623058
2918,125.457238275203
2919,294.788830062496
2920,201.214854357049
2921,280.031339471565
2922,193.336822240061
2923,192.763513504276
2924,98.6110833423444
2925,209.303985253007
2926,206.064038880211
2927,374.274401963045
2928,42.3524906817508
2929,49.0959085065486
2930,43.1716455017251
2931,50.5992666087747
2932,103.285150066177
2933,343.56225872727
2934,161.106721651716
2935,129.392840258651
2936,290.036907616457
2937,75.5243606048644
2938,160.410841743409
2939,152.30013663484
2940,93.1431213076989
2941,128.363248093565
2942,41.8209331395703
2943,46.4441888670195
2944,1436.88748547911
2945,309.326222941101
2946,101.801510354108
2947,429.925109935426
2948,175.41051726884
2949,356.444229198608
2950,163.168483181805
2951,113.192210634552
2952,462.082579220883
2953,210.607173100021
2954,154.171030291798
2955,163.794140935318
2956,150.01646406749
2957,549.967287387678
2958,106.234553037883
2959,325.644772619754
2960,184.272808162657
2961,117.852290848188
2962,152.800598970982
2963,296.043657534733
2964,65.0175882435342
2965,157.372962505459
2966,203.901389030204
2967,153.35556655965
2968,161.388134461513
2969,258.967264069268
2970,370.630628262582
2971,89.9566294882657
2972,78.4877230885005
2973,65.4118634273427
2974,42.3677004288795
2975,63.7909313378736
2976,87.9417406118443
2977,215.754506269421
2978,208.509560477939
2979,293.552198937696
2980,185.362683593562
2981,119.503675691329
2982,81.381112994719
2983,74.043424392748
2984,153.924659803555
2985,252.466149847336
2986,243.690321923028
2987,103.880174605017
2988,156.448031005851
2989,162.659113852995
2990,164.005546219918
2991,34.443571499235
2992,122.399824742199
2993,196.032366605911
2994,79.3641159311564
2995,105.113652703553
2996,152.533942062122
2997,74.3819038648441
2998,148.111989540509
2999,113.143806083069
3000,114.067042256771
3001,123.928645831474
3002,91.7002953818501
3003,3627.702714969
3004,9269.23966834704
3005,438.888626083945
3006,115.515521616927
3007,165.644941656903
3008,144.332451751704
3009,212.426863090666
3010,195.435594363493
3011,176.730482361152
3012,539.964517687229
3013,697.548895812939
3014,92.182150616455
3015,165.637122260807
3016,51.6686964559556
3017,229.024792349813
3018,276.158248040505
3019,104.687378897222
3020,172.107775121745
3021,112.49700698004
3022,234.18858039303
3023,229.060724445989
3024,294.643660863788
3025,126.523295454938
3026,106.053812307245
3027,229.122335441334
3028,155.14307614623
3029,121.006362201199
3030,234.212255590905
3031,105.994863611644
3032,93.9449855268768
3033,351.519473205341
3034,197.735272900913
3035,226.547590664931
3036,478.297883917098
3037,200.742296860144
3038,49.7210357796225
3039,311.400482010702
3040,216.376176692491
3041,84.3136763773785
3042,254.251243447996
3043,186.275139775774
3044,52.0402793979379
3045,111.315338143212
3046,160.064335061856
3047,156.015873024093
3048,358.58591871008
3049,119.116018248269
3050,113.959398099751
3051,64.736104831456
3052,84.1854431625862
3053,200.168693894341
3054,92.8226045066361
3055,102.180264071897
3056,167.767180920096
3057,388.668421413275
3058,298.557970186592
3059,191.813329227774
3060,123.152525710345
3061,129.929500143424
3062,138.968064631832
3063,264.690649268106
3064,321.652519950543
3065,68.7496476211465
3066,129.82384752819
3067,156.478321633038
3068,151.298208059603
3069,337.308584315269
3070,304.915327242602
3071,132.528651348448
3072,82.3020960632311
3073,133.655115633947
3074,131.333189063144
3075,112.12373762504
3076,82.6902358680749
3077,137.543034163168
3078,312.927247059625
3079,191.855041220094
3080,231.388361835608
3081,431.376113173385
3082,354.465222118499
3083,173.397677988544
3084,95.1027935041023
3085,458.544344286647
3086,195.939660821123
3087,275.002132052698
3088,134.256242677179
3089,120.687469510409
3090,91.9233945810517
3091,48.0518939734729
3092,133.291321095516
3093,98.0188004656736
3094,134.980444111943
3095,85.6792470067967
3096,121.711835437011
3097,344.077869373893
3098,154.313493613561
3099,129.800202035002
3100,362.495667917578
3101,183.650262076933
3102,71.0313696072513
3103,70.0794095128075
3104,66.4762391494376
3105,847.110632192747
3106,170.001543120874
3107,37.6600691338061
3108,248.293314575353
3109,154.768386981166
3110,135.899777845172
3111,132.078839034149
3112,203.108486682808
3113,205.022384018799
3114,201.756144936976
3115,201.087285676212
3116,200.132999573434
3117,202.578829680795
3118,81.5917888497807
3119,384.981428346116
3120,253.56778400416
3121,99.9413249614497
3122,178.024977996785
3123,657.822718716521
3124,136.548108825462
3125,45.5402849039744
3126,36.7902357537032
3127,65.5357144611702
3128,284.449193808903
3129,197.304377647612
3130,201.96886967026
3131,55.5546313995169
3132,182.633407768107
3133,193.201073782764
3134,113.962115135917
3135,156.085372649929
3136,184.131658177239
3137,87.5172651665026
3138,37.5709518088061
3139,397.690625940664
3140,117.787289601816
3141,268.58009777056
3142,101.972038047838
3143,33.9244767438709
3144,114.530580454391
3145,200.224061315621
3146,41.1339996645682
3147,173.096232037394
3148,210.860598123797
3149,112.032563826196
3150,163.946747400815
3151,152.111508017746
3152,111.298460208818
3153,156.852662838674
3154,158.113028311369
3155,101.827095594179
3156,125.663916195904
3157,146.719699459848
3158,180.640589043747
3159,188.644331016964
3160,284.143905604512
3161,78.9319479899724
3162,216.400630833935
3163,78.3354354803361
3164,229.791070170561
3165,204.145868838135
3166,160.415431200057
3167,235.8737938728
3168,78.6375319016693
3169,86.0636950079938
3170,233.799957226504
3171,171.912401593065
3172,88.3359614620534
3173,221.332230661579
3174,126.104929488545
3175,166.143774853031
3176,164.367168304353
3177,231.475873693213
3178,176.606562213433
3179,235.122321559404
3180,281.645133930731
3181,81.1770967939264
3182,84.8505323665987
3183,75.7976871417523
3184,200.901544657501
3185,73.313305047345
3186,325.734847201159
3187,39.7364008610942
3188,45.2466243343168
3189,109.574034742674
3190,110.24318451965
3191,225.33017618776
3192,106.455543960134
3193,424.777156366885
3194,299.542896159918
3195,78.9357494877757
3196,155.464621303796
3197,209.690882975114
3198,293.927856327688
3199,193.060173246765
3200,382.744866319055
3201,93.8843954638615
3202,110.438015956056
3203,92.1733598606902
3204,77.5500872765732
3205,199.281758671894
3206,226.120857049043
3207,115.479668739379
3208,83.4634584450106
3209,82.3661290617075
3210,199.527073903759
3211,104.187689690149
3212,87.6748597779381
3213,220.009672787944
3214,39.6168782985935
3215,40.8605976434521
3216,40.9585725603713
3217,39.4999000482369
3218,40.1654140012073
3219,222.238024317226
3220,222.113648771109
3221,240.513715898559
3222,275.896192569872
3223,301.327895061954
3224,289.004263495233
3225,296.928951428177
3226,301.699548080704
3227,304.577035579684
3228,321.616325280983
3229,291.054643615239
3230,262.541534962412
3231,343.064269660878
3232,36.3945660577192
3233,39.389370983611
3234,92.4722754300887
3235,187.293603864177
